<?xml version="1.0" encoding="UTF-8"?>
<project-private xmlns="http://www.netbeans.org/ns/project-private/1">
    <editor-bookmarks xmlns="http://www.netbeans.org/ns/editor-bookmarks/2" lastBookmarkId="0"/>
    <open-files xmlns="http://www.netbeans.org/ns/projectui-open-files/2">
        <group>
            <file>file:/C:/Users/USER/Documents/CSC301/CBT%20Project/src/cbt/project/Scripts.java</file>
            <file>file:/C:/Users/USER/Documents/CSC301/CBT%20Project/src/cbt/project/studentScores.java</file>
            <file>file:/C:/Users/USER/Documents/CSC301/CBT%20Project/src/cbt/project/adminSignUp.java</file>
            <file>file:/C:/Users/USER/Documents/CSC301/CBT%20Project/src/cbt/project/startPage1.java</file>
            <file>file:/C:/Users/USER/Documents/CSC301/CBT%20Project/src/cbt/project/studentInterface.java</file>
            <file>file:/C:/Users/USER/Documents/CSC301/CBT%20Project/src/cbt/project/TestInterface.java</file>
            <file>file:/C:/Users/USER/Documents/CSC301/CBT%20Project/src/cbt/project/ADMIN1.java</file>
            <file>file:/C:/Users/USER/Documents/CSC301/CBT%20Project/src/cbt/project/login.java</file>
            <file>file:/C:/Users/USER/Documents/CSC301/CBT%20Project/src/cbt/project/NewJFrame.java</file>
        </group>
    </open-files>
</project-private>
